url,id,user_screen_name,local_time
https://twitter.com/medialab_ScPo/status/1585238942965800960,1585238942965800960,medialab_ScPo,2022-10-26T11:56:30
https://twitter.com/medialab_ScPo/status/1584481574426480641,1584481574426480641,medialab_ScPo,2022-10-24T09:47:00
https://twitter.com/medialab_ScPo/status/1583437193015500800,1583437193015500800,medialab_ScPo,2022-10-21T12:37:00
https://twitter.com/medialab_ScPo/status/1583391821539213314,1583391821539213314,medialab_ScPo,2022-10-21T09:36:42
https://twitter.com/medialab_ScPo/status/1582258928947109888,1582258928947109888,medialab_ScPo,2022-10-18T06:35:00
https://twitter.com/medialab_ScPo/status/1580450260878594049,1580450260878594049,medialab_ScPo,2022-10-13T06:48:00
https://twitter.com/medialab_ScPo/status/1580195116458786816,1580195116458786816,medialab_ScPo,2022-10-12T13:54:09
https://twitter.com/medialab_ScPo/status/1579513371019599873,1579513371019599873,medialab_ScPo,2022-10-10T16:45:08
https://twitter.com/medialab_ScPo/status/1579065056037605376,1579065056037605376,medialab_ScPo,2022-10-09T11:03:41
https://twitter.com/medialab_ScPo/status/1577195084151492609,1577195084151492609,medialab_ScPo,2022-10-04T07:13:05
https://twitter.com/medialab_ScPo/status/1576923234083262469,1576923234083262469,medialab_ScPo,2022-10-03T13:12:51
https://twitter.com/medialab_ScPo/status/1575131862099496960,1575131862099496960,medialab_ScPo,2022-09-28T14:34:35
https://twitter.com/medialab_ScPo/status/1571913368583258114,1571913368583258114,medialab_ScPo,2022-09-19T17:25:26
https://twitter.com/medialab_ScPo/status/1570052210490327041,1570052210490327041,medialab_ScPo,2022-09-14T14:09:51
https://twitter.com/medialab_ScPo/status/1569686718604779520,1569686718604779520,medialab_ScPo,2022-09-13T13:57:31
https://twitter.com/medialab_ScPo/status/1564974818730049541,1564974818730049541,medialab_ScPo,2022-08-31T13:54:07
https://twitter.com/medialab_ScPo/status/1564233655832027137,1564233655832027137,medialab_ScPo,2022-08-29T12:49:00
https://twitter.com/medialab_ScPo/status/1563082067813863424,1563082067813863424,medialab_ScPo,2022-08-26T08:33:00
https://twitter.com/medialab_ScPo/status/1554432573958397952,1554432573958397952,medialab_ScPo,2022-08-02T11:43:00
https://twitter.com/medialab_ScPo/status/1549761042053472258,1549761042053472258,medialab_ScPo,2022-07-20T14:20:00
https://twitter.com/medialab_ScPo/status/1548581268215869440,1548581268215869440,medialab_ScPo,2022-07-17T08:12:00
https://twitter.com/medialab_ScPo/status/1546782415468756992,1546782415468756992,medialab_ScPo,2022-07-12T09:04:00
https://twitter.com/medialab_ScPo/status/1543933182462017538,1543933182462017538,medialab_ScPo,2022-07-04T12:22:10
https://twitter.com/medialab_ScPo/status/1541476449131139073,1541476449131139073,medialab_ScPo,2022-06-27T17:39:59
https://twitter.com/medialab_ScPo/status/1539977099355643906,1539977099355643906,medialab_ScPo,2022-06-23T14:22:06
https://twitter.com/medialab_ScPo/status/1539881073420763136,1539881073420763136,medialab_ScPo,2022-06-23T08:00:32
https://twitter.com/medialab_ScPo/status/1539867711718694913,1539867711718694913,medialab_ScPo,2022-06-23T07:07:26
https://twitter.com/medialab_ScPo/status/1537768120617779202,1537768120617779202,medialab_ScPo,2022-06-17T12:04:24
https://twitter.com/medialab_ScPo/status/1537082822732746752,1537082822732746752,medialab_ScPo,2022-06-15T14:41:17
https://twitter.com/medialab_ScPo/status/1537001418728562688,1537001418728562688,medialab_ScPo,2022-06-15T09:17:48
https://twitter.com/medialab_ScPo/status/1536819171887091714,1536819171887091714,medialab_ScPo,2022-06-14T21:13:37
https://twitter.com/medialab_ScPo/status/1534924511337922563,1534924511337922563,medialab_ScPo,2022-06-09T15:44:55
https://twitter.com/medialab_ScPo/status/1534167456029220864,1534167456029220864,medialab_ScPo,2022-06-07T13:36:39
https://twitter.com/medialab_ScPo/status/1534092407863648256,1534092407863648256,medialab_ScPo,2022-06-07T08:38:26
https://twitter.com/medialab_ScPo/status/1531205524879945728,1531205524879945728,medialab_ScPo,2022-05-30T09:27:00
https://twitter.com/medialab_ScPo/status/1531196039860043777,1531196039860043777,medialab_ScPo,2022-05-30T08:49:18
https://twitter.com/medialab_ScPo/status/1521856954708246528,1521856954708246528,medialab_ScPo,2022-05-04T14:19:07
https://twitter.com/medialab_ScPo/status/1521033247211368448,1521033247211368448,medialab_ScPo,2022-05-02T07:46:00
https://twitter.com/medialab_ScPo/status/1519667207151759362,1519667207151759362,medialab_ScPo,2022-04-28T13:17:50
https://twitter.com/medialab_ScPo/status/1518876768995786752,1518876768995786752,medialab_ScPo,2022-04-26T08:56:55
https://twitter.com/medialab_ScPo/status/1516397730486267904,1516397730486267904,medialab_ScPo,2022-04-19T12:46:06
https://twitter.com/medialab_ScPo/status/1516061738830950408,1516061738830950408,medialab_ScPo,2022-04-18T14:31:00
https://twitter.com/medialab_ScPo/status/1514983327299772428,1514983327299772428,medialab_ScPo,2022-04-15T15:05:46
https://twitter.com/medialab_ScPo/status/1514887958872141826,1514887958872141826,medialab_ScPo,2022-04-15T08:46:49
https://twitter.com/medialab_ScPo/status/1513794297950359553,1513794297950359553,medialab_ScPo,2022-04-12T08:21:00
https://twitter.com/medialab_ScPo/status/1512385029707550724,1512385029707550724,medialab_ScPo,2022-04-08T11:01:04
https://twitter.com/medialab_ScPo/status/1510964184980369411,1510964184980369411,medialab_ScPo,2022-04-04T12:55:08
https://twitter.com/medialab_ScPo/status/1509460732764688385,1509460732764688385,medialab_ScPo,2022-03-31T09:20:57
https://twitter.com/medialab_ScPo/status/1508363261372162049,1508363261372162049,medialab_ScPo,2022-03-28T08:40:00
https://twitter.com/medialab_ScPo/status/1506915723301593089,1506915723301593089,medialab_ScPo,2022-03-24T08:48:00
https://twitter.com/medialab_ScPo/status/1504794111026634762,1504794111026634762,medialab_ScPo,2022-03-18T12:17:28
https://twitter.com/medialab_ScPo/status/1504794108992409607,1504794108992409607,medialab_ScPo,2022-03-18T12:17:27
https://twitter.com/medialab_ScPo/status/1501938427192754182,1501938427192754182,medialab_ScPo,2022-03-10T15:10:00
https://twitter.com/medialab_ScPo/status/1498951495097720833,1498951495097720833,medialab_ScPo,2022-03-02T09:21:00
https://twitter.com/medialab_ScPo/status/1493583483016470530,1493583483016470530,medialab_ScPo,2022-02-15T13:50:26
https://twitter.com/medialab_ScPo/status/1493156659329441795,1493156659329441795,medialab_ScPo,2022-02-14T09:34:23
https://twitter.com/medialab_ScPo/status/1491001359436431361,1491001359436431361,medialab_ScPo,2022-02-08T10:50:00
https://twitter.com/medialab_ScPo/status/1489589105612800007,1489589105612800007,medialab_ScPo,2022-02-04T13:18:12
https://twitter.com/medialab_ScPo/status/1489262791546470400,1489262791546470400,medialab_ScPo,2022-02-03T15:41:33
https://twitter.com/medialab_ScPo/status/1489262789658955785,1489262789658955785,medialab_ScPo,2022-02-03T15:41:32
https://twitter.com/medialab_ScPo/status/1489180628771872771,1489180628771872771,medialab_ScPo,2022-02-03T10:15:04
https://twitter.com/medialab_ScPo/status/1488535109083054092,1488535109083054092,medialab_ScPo,2022-02-01T15:30:00
https://twitter.com/medialab_ScPo/status/1488443732156375045,1488443732156375045,medialab_ScPo,2022-02-01T09:26:54
https://twitter.com/medialab_ScPo/status/1488429072485126148,1488429072485126148,medialab_ScPo,2022-02-01T08:28:39
https://twitter.com/medialab_ScPo/status/1486983339202465792,1486983339202465792,medialab_ScPo,2022-01-28T08:43:49
https://twitter.com/medialab_ScPo/status/1485969704913096714,1485969704913096714,medialab_ScPo,2022-01-25T13:36:00
https://twitter.com/medialab_ScPo/status/1485568249051951107,1485568249051951107,medialab_ScPo,2022-01-24T11:00:45
https://twitter.com/medialab_ScPo/status/1484095857419030530,1484095857419030530,medialab_ScPo,2022-01-20T09:30:00
https://twitter.com/medialab_ScPo/status/1480882074328444928,1480882074328444928,medialab_ScPo,2022-01-11T12:39:34
https://twitter.com/medialab_ScPo/status/1473642537378328579,1473642537378328579,medialab_ScPo,2021-12-22T13:12:14
https://twitter.com/medialab_ScPo/status/1467891319657967627,1467891319657967627,medialab_ScPo,2021-12-06T16:18:57
https://twitter.com/medialab_ScPo/status/1467788787422011394,1467788787422011394,medialab_ScPo,2021-12-06T09:31:31
https://twitter.com/medialab_ScPo/status/1465681694439137286,1465681694439137286,medialab_ScPo,2021-11-30T13:58:41
https://twitter.com/medialab_ScPo/status/1465665973592240134,1465665973592240134,medialab_ScPo,2021-11-30T12:56:13
https://twitter.com/medialab_ScPo/status/1465584380642938883,1465584380642938883,medialab_ScPo,2021-11-30T07:32:00
https://twitter.com/medialab_ScPo/status/1464155322373885954,1464155322373885954,medialab_ScPo,2021-11-26T08:53:26
https://twitter.com/medialab_ScPo/status/1463895250552897539,1463895250552897539,medialab_ScPo,2021-11-25T15:40:00
https://twitter.com/medialab_ScPo/status/1463804187284803584,1463804187284803584,medialab_ScPo,2021-11-25T09:38:09
https://twitter.com/medialab_ScPo/status/1463527829157597184,1463527829157597184,medialab_ScPo,2021-11-24T15:20:00
https://twitter.com/medialab_ScPo/status/1463483147547459587,1463483147547459587,medialab_ScPo,2021-11-24T12:22:27
https://twitter.com/medialab_ScPo/status/1463439232639381506,1463439232639381506,medialab_ScPo,2021-11-24T09:27:57
https://twitter.com/medialab_ScPo/status/1460892212951076866,1460892212951076866,medialab_ScPo,2021-11-17T08:47:00
https://twitter.com/medialab_ScPo/status/1460633176439676938,1460633176439676938,medialab_ScPo,2021-11-16T15:37:41
https://twitter.com/medialab_ScPo/status/1460524539985735680,1460524539985735680,medialab_ScPo,2021-11-16T08:26:00
https://twitter.com/medialab_ScPo/status/1458053759469301762,1458053759469301762,medialab_ScPo,2021-11-09T12:48:00
https://twitter.com/medialab_ScPo/status/1457712339650756618,1457712339650756618,medialab_ScPo,2021-11-08T14:11:19
https://twitter.com/medialab_ScPo/status/1457712336861638660,1457712336861638660,medialab_ScPo,2021-11-08T14:11:18
https://twitter.com/medialab_ScPo/status/1457712333942366208,1457712333942366208,medialab_ScPo,2021-11-08T14:11:18
https://twitter.com/medialab_ScPo/status/1457712327487377412,1457712327487377412,medialab_ScPo,2021-11-08T14:11:16
https://twitter.com/medialab_ScPo/status/1457712323813068805,1457712323813068805,medialab_ScPo,2021-11-08T14:11:15
https://twitter.com/medialab_ScPo/status/1455862298996772869,1455862298996772869,medialab_ScPo,2021-11-03T11:39:55
https://twitter.com/medialab_ScPo/status/1453023657853431811,1453023657853431811,medialab_ScPo,2021-10-26T15:40:10
https://twitter.com/medialab_ScPo/status/1453023655202537473,1453023655202537473,medialab_ScPo,2021-10-26T15:40:09
https://twitter.com/medialab_ScPo/status/1453023651209617415,1453023651209617415,medialab_ScPo,2021-10-26T15:40:08
https://twitter.com/medialab_ScPo/status/1450836044543365124,1450836044543365124,medialab_ScPo,2021-10-20T14:47:22
https://twitter.com/medialab_ScPo/status/1450780952578465798,1450780952578465798,medialab_ScPo,2021-10-20T11:08:27
https://twitter.com/medialab_ScPo/status/1450377679618908162,1450377679618908162,medialab_ScPo,2021-10-19T08:26:00
https://twitter.com/medialab_ScPo/status/1450066721998622725,1450066721998622725,medialab_ScPo,2021-10-18T11:50:22
https://twitter.com/medialab_ScPo/status/1450066719586889730,1450066719586889730,medialab_ScPo,2021-10-18T11:50:21
https://twitter.com/medialab_ScPo/status/1450066716881563650,1450066716881563650,medialab_ScPo,2021-10-18T11:50:20
https://twitter.com/medialab_ScPo/status/1450019066983243779,1450019066983243779,medialab_ScPo,2021-10-18T08:41:00
https://twitter.com/medialab_ScPo/status/1448536296490553345,1448536296490553345,medialab_ScPo,2021-10-14T06:29:00
https://twitter.com/medialab_ScPo/status/1446024037197615105,1446024037197615105,medialab_ScPo,2021-10-07T08:06:10
https://twitter.com/medialab_ScPo/status/1446024035297546244,1446024035297546244,medialab_ScPo,2021-10-07T08:06:10
https://twitter.com/medialab_ScPo/status/1446024032176988160,1446024032176988160,medialab_ScPo,2021-10-07T08:06:09
https://twitter.com/medialab_ScPo/status/1446024027097677825,1446024027097677825,medialab_ScPo,2021-10-07T08:06:08
https://twitter.com/medialab_ScPo/status/1446024022341398528,1446024022341398528,medialab_ScPo,2021-10-07T08:06:07
https://twitter.com/medialab_ScPo/status/1446024019396943873,1446024019396943873,medialab_ScPo,2021-10-07T08:06:06
https://twitter.com/medialab_ScPo/status/1446024014263160832,1446024014263160832,medialab_ScPo,2021-10-07T08:06:05
https://twitter.com/medialab_ScPo/status/1446024008793796613,1446024008793796613,medialab_ScPo,2021-10-07T08:06:04
https://twitter.com/medialab_ScPo/status/1446024005966761986,1446024005966761986,medialab_ScPo,2021-10-07T08:06:03
https://twitter.com/medialab_ScPo/status/1446024001093054468,1446024001093054468,medialab_ScPo,2021-10-07T08:06:02
https://twitter.com/medialab_ScPo/status/1446023996206723072,1446023996206723072,medialab_ScPo,2021-10-07T08:06:01
https://twitter.com/medialab_ScPo/status/1446023991311970308,1446023991311970308,medialab_ScPo,2021-10-07T08:06:00
https://twitter.com/medialab_ScPo/status/1446023986979147778,1446023986979147778,medialab_ScPo,2021-10-07T08:05:58
https://twitter.com/medialab_ScPo/status/1446023981933416452,1446023981933416452,medialab_ScPo,2021-10-07T08:05:57
https://twitter.com/medialab_ScPo/status/1446023976401227776,1446023976401227776,medialab_ScPo,2021-10-07T08:05:56
https://twitter.com/medialab_ScPo/status/1442778356047515652,1442778356047515652,medialab_ScPo,2021-09-28T09:09:00
https://twitter.com/medialab_ScPo/status/1440961131737071625,1440961131737071625,medialab_ScPo,2021-09-23T08:48:00
https://twitter.com/medialab_ScPo/status/1440342872385941510,1440342872385941510,medialab_ScPo,2021-09-21T15:51:15
https://twitter.com/medialab_ScPo/status/1440323430079873036,1440323430079873036,medialab_ScPo,2021-09-21T14:34:00
https://twitter.com/medialab_ScPo/status/1440237866076884993,1440237866076884993,medialab_ScPo,2021-09-21T08:54:00
https://twitter.com/medialab_ScPo/status/1438777996614197257,1438777996614197257,medialab_ScPo,2021-09-17T08:13:00
https://twitter.com/medialab_ScPo/status/1437789227627028487,1437789227627028487,medialab_ScPo,2021-09-14T14:43:59
https://twitter.com/medialab_ScPo/status/1437380790124351498,1437380790124351498,medialab_ScPo,2021-09-13T11:41:00
https://twitter.com/medialab_ScPo/status/1435223827227631616,1435223827227631616,medialab_ScPo,2021-09-07T12:50:00
https://twitter.com/medialab_ScPo/status/1432994829387112450,1432994829387112450,medialab_ScPo,2021-09-01T09:12:45
https://twitter.com/medialab_ScPo/status/1432717025856704518,1432717025856704518,medialab_ScPo,2021-08-31T14:48:52
https://twitter.com/medialab_ScPo/status/1430825154007945223,1430825154007945223,medialab_ScPo,2021-08-26T09:31:14
https://twitter.com/medialab_ScPo/status/1413147286566100994,1413147286566100994,medialab_ScPo,2021-07-08T14:45:42
https://twitter.com/medialab_ScPo/status/1413147283898605578,1413147283898605578,medialab_ScPo,2021-07-08T14:45:42
https://twitter.com/medialab_ScPo/status/1413147281608503301,1413147281608503301,medialab_ScPo,2021-07-08T14:45:41
https://twitter.com/medialab_ScPo/status/1413147278345347079,1413147278345347079,medialab_ScPo,2021-07-08T14:45:40
https://twitter.com/medialab_ScPo/status/1413147274050371588,1413147274050371588,medialab_ScPo,2021-07-08T14:45:39
https://twitter.com/medialab_ScPo/status/1413147271269548039,1413147271269548039,medialab_ScPo,2021-07-08T14:45:39
https://twitter.com/medialab_ScPo/status/1412391459194609664,1412391459194609664,medialab_ScPo,2021-07-06T12:42:19
https://twitter.com/medialab_ScPo/status/1412324437349732364,1412324437349732364,medialab_ScPo,2021-07-06T08:16:00
https://twitter.com/medialab_ScPo/status/1411991863280771074,1411991863280771074,medialab_ScPo,2021-07-05T10:14:28
https://twitter.com/medialab_ScPo/status/1410614204285870085,1410614204285870085,medialab_ScPo,2021-07-01T15:00:08
https://twitter.com/medialab_ScPo/status/1410542043336695812,1410542043336695812,medialab_ScPo,2021-07-01T10:13:24
https://twitter.com/medialab_ScPo/status/1404830985129279490,1404830985129279490,medialab_ScPo,2021-06-15T15:59:42
https://twitter.com/medialab_ScPo/status/1404824342035374085,1404824342035374085,medialab_ScPo,2021-06-15T15:33:18
https://twitter.com/medialab_ScPo/status/1404351413954752516,1404351413954752516,medialab_ScPo,2021-06-14T08:14:03
https://twitter.com/medialab_ScPo/status/1401872316057866242,1401872316057866242,medialab_ScPo,2021-06-07T12:03:00
https://twitter.com/medialab_ScPo/status/1399649418308206594,1399649418308206594,medialab_ScPo,2021-06-01T08:50:00
https://twitter.com/medialab_ScPo/status/1399261109815742465,1399261109815742465,medialab_ScPo,2021-05-31T07:07:00
https://twitter.com/medialab_ScPo/status/1398215721486733321,1398215721486733321,medialab_ScPo,2021-05-28T09:53:00
https://twitter.com/medialab_ScPo/status/1398195166368964609,1398195166368964609,medialab_ScPo,2021-05-28T08:31:19
https://twitter.com/medialab_ScPo/status/1397603502252249097,1397603502252249097,medialab_ScPo,2021-05-26T17:20:15
https://twitter.com/medialab_ScPo/status/1397456256076505089,1397456256076505089,medialab_ScPo,2021-05-26T07:35:09
https://twitter.com/medialab_ScPo/status/1397125789611593730,1397125789611593730,medialab_ScPo,2021-05-25T09:42:00
https://twitter.com/medialab_ScPo/status/1396810210191179778,1396810210191179778,medialab_ScPo,2021-05-24T12:48:00
https://twitter.com/medialab_ScPo/status/1395749974684536835,1395749974684536835,medialab_ScPo,2021-05-21T14:35:00
https://twitter.com/medialab_ScPo/status/1395634581349490691,1395634581349490691,medialab_ScPo,2021-05-21T06:56:28
https://twitter.com/medialab_ScPo/status/1394672121872207876,1394672121872207876,medialab_ScPo,2021-05-18T15:12:00
https://twitter.com/medialab_ScPo/status/1394234488163553280,1394234488163553280,medialab_ScPo,2021-05-17T10:13:00
https://twitter.com/medialab_ScPo/status/1394230964868587520,1394230964868587520,medialab_ScPo,2021-05-17T09:59:00
https://twitter.com/medialab_ScPo/status/1393211497669660681,1393211497669660681,medialab_ScPo,2021-05-14T14:28:00
https://twitter.com/medialab_ScPo/status/1392455516044005380,1392455516044005380,medialab_ScPo,2021-05-12T12:24:00
https://twitter.com/medialab_ScPo/status/1391665850269290496,1391665850269290496,medialab_ScPo,2021-05-10T08:06:09
https://twitter.com/medialab_ScPo/status/1389481670416363520,1389481670416363520,medialab_ScPo,2021-05-04T07:27:00
https://twitter.com/medialab_ScPo/status/1389206104899395584,1389206104899395584,medialab_ScPo,2021-05-03T13:12:00
https://twitter.com/medialab_ScPo/status/1387317409803948037,1387317409803948037,medialab_ScPo,2021-04-28T08:07:00
https://twitter.com/medialab_ScPo/status/1385573753569021959,1385573753569021959,medialab_ScPo,2021-04-23T12:38:20
https://twitter.com/medialab_ScPo/status/1385513775118229507,1385513775118229507,medialab_ScPo,2021-04-23T08:40:00
https://twitter.com/medialab_ScPo/status/1385207489055141888,1385207489055141888,medialab_ScPo,2021-04-22T12:22:55
https://twitter.com/medialab_ScPo/status/1384074038511751170,1384074038511751170,medialab_ScPo,2021-04-19T09:19:00
https://twitter.com/medialab_ScPo/status/1382326665162989575,1382326665162989575,medialab_ScPo,2021-04-14T13:35:34
https://twitter.com/medialab_ScPo/status/1381906372963483649,1381906372963483649,medialab_ScPo,2021-04-13T09:45:28
https://twitter.com/medialab_ScPo/status/1381501668211167234,1381501668211167234,medialab_ScPo,2021-04-12T06:57:19
https://twitter.com/medialab_ScPo/status/1380175392812720133,1380175392812720133,medialab_ScPo,2021-04-08T15:07:10
https://twitter.com/medialab_ScPo/status/1380157207250092032,1380157207250092032,medialab_ScPo,2021-04-08T13:54:54
https://twitter.com/medialab_ScPo/status/1375377736131170304,1375377736131170304,medialab_ScPo,2021-03-26T09:23:00
https://twitter.com/medialab_ScPo/status/1374287049352744960,1374287049352744960,medialab_ScPo,2021-03-23T09:09:00
https://twitter.com/medialab_ScPo/status/1374010980284329985,1374010980284329985,medialab_ScPo,2021-03-22T14:52:00
https://twitter.com/medialab_ScPo/status/1373204267905990656,1373204267905990656,medialab_ScPo,2021-03-20T09:26:25
https://twitter.com/medialab_ScPo/status/1373199823537586176,1373199823537586176,medialab_ScPo,2021-03-20T09:08:45
https://twitter.com/medialab_ScPo/status/1372938767665860620,1372938767665860620,medialab_ScPo,2021-03-19T15:51:24
https://twitter.com/medialab_ScPo/status/1372491216219037697,1372491216219037697,medialab_ScPo,2021-03-18T10:13:00
https://twitter.com/medialab_ScPo/status/1371864480540397573,1371864480540397573,medialab_ScPo,2021-03-16T16:42:34
https://twitter.com/medialab_ScPo/status/1371408961740673027,1371408961740673027,medialab_ScPo,2021-03-15T10:32:30
https://twitter.com/medialab_ScPo/status/1367834292966068226,1367834292966068226,medialab_ScPo,2021-03-05T13:48:03
https://twitter.com/medialab_ScPo/status/1367750981585354754,1367750981585354754,medialab_ScPo,2021-03-05T08:17:00
https://twitter.com/medialab_ScPo/status/1366433462723436550,1366433462723436550,medialab_ScPo,2021-03-01T17:01:39
https://twitter.com/medialab_ScPo/status/1366329615703285760,1366329615703285760,medialab_ScPo,2021-03-01T10:09:00
https://twitter.com/medialab_ScPo/status/1365282591889358848,1365282591889358848,medialab_ScPo,2021-02-26T12:48:30
https://twitter.com/medialab_ScPo/status/1365282465963679748,1365282465963679748,medialab_ScPo,2021-02-26T12:48:00
https://twitter.com/medialab_ScPo/status/1364488557491081216,1364488557491081216,medialab_ScPo,2021-02-24T08:13:17
https://twitter.com/medialab_ScPo/status/1364119610509950977,1364119610509950977,medialab_ScPo,2021-02-23T07:47:13
https://twitter.com/medialab_ScPo/status/1361259960550658048,1361259960550658048,medialab_ScPo,2021-02-15T10:24:00
https://twitter.com/medialab_ScPo/status/1360228413898858497,1360228413898858497,medialab_ScPo,2021-02-12T14:05:00
https://twitter.com/medialab_ScPo/status/1359407014624063488,1359407014624063488,medialab_ScPo,2021-02-10T07:41:03
https://twitter.com/medialab_ScPo/status/1356189802127794177,1356189802127794177,medialab_ScPo,2021-02-01T10:37:00
https://twitter.com/medialab_ScPo/status/1355076214231339009,1355076214231339009,medialab_ScPo,2021-01-29T08:52:00
https://twitter.com/medialab_ScPo/status/1354707031681363976,1354707031681363976,medialab_ScPo,2021-01-28T08:25:00
https://twitter.com/medialab_ScPo/status/1353735204062584832,1353735204062584832,medialab_ScPo,2021-01-25T16:03:18
https://twitter.com/medialab_ScPo/status/1352170819896684544,1352170819896684544,medialab_ScPo,2021-01-21T08:27:00
https://twitter.com/medialab_ScPo/status/1351919665191280640,1351919665191280640,medialab_ScPo,2021-01-20T15:49:00
https://twitter.com/medialab_ScPo/status/1351914175312916481,1351914175312916481,medialab_ScPo,2021-01-20T15:27:11
https://twitter.com/medialab_ScPo/status/1349402241304768518,1349402241304768518,medialab_ScPo,2021-01-13T17:05:39
https://twitter.com/medialab_ScPo/status/1348574371971887104,1348574371971887104,medialab_ScPo,2021-01-11T10:16:00
https://twitter.com/medialab_ScPo/status/1346065934155395075,1346065934155395075,medialab_ScPo,2021-01-04T12:08:22
https://twitter.com/medialab_ScPo/status/1340949127136501761,1340949127136501761,medialab_ScPo,2020-12-21T09:16:00
https://twitter.com/medialab_ScPo/status/1339239924307005440,1339239924307005440,medialab_ScPo,2020-12-16T16:04:14
https://twitter.com/medialab_ScPo/status/1339239922641891328,1339239922641891328,medialab_ScPo,2020-12-16T16:04:14
https://twitter.com/medialab_ScPo/status/1338510192674295815,1338510192674295815,medialab_ScPo,2020-12-14T15:44:32
https://twitter.com/medialab_ScPo/status/1338499097087631360,1338499097087631360,medialab_ScPo,2020-12-14T15:00:27
https://twitter.com/medialab_ScPo/status/1337023877583663107,1337023877583663107,medialab_ScPo,2020-12-10T13:18:27
https://twitter.com/medialab_ScPo/status/1334864367205183494,1334864367205183494,medialab_ScPo,2020-12-04T14:17:20
https://twitter.com/medialab_ScPo/status/1334864365787504648,1334864365787504648,medialab_ScPo,2020-12-04T14:17:20
https://twitter.com/medialab_ScPo/status/1334151501346992131,1334151501346992131,medialab_ScPo,2020-12-02T15:04:39
https://twitter.com/medialab_ScPo/status/1333423539299504131,1333423539299504131,medialab_ScPo,2020-11-30T14:52:00
https://twitter.com/medialab_ScPo/status/1333330677291393025,1333330677291393025,medialab_ScPo,2020-11-30T08:43:00
https://twitter.com/medialab_ScPo/status/1332356760103895040,1332356760103895040,medialab_ScPo,2020-11-27T16:13:00
https://twitter.com/medialab_ScPo/status/1332256573234810881,1332256573234810881,medialab_ScPo,2020-11-27T09:34:53
https://twitter.com/medialab_ScPo/status/1331525562704289793,1331525562704289793,medialab_ScPo,2020-11-25T09:10:07
https://twitter.com/medialab_ScPo/status/1330800253931405316,1330800253931405316,medialab_ScPo,2020-11-23T09:08:00
https://twitter.com/medialab_ScPo/status/1329761408624562177,1329761408624562177,medialab_ScPo,2020-11-20T12:20:00
https://twitter.com/medialab_ScPo/status/1329720136639471616,1329720136639471616,medialab_ScPo,2020-11-20T09:36:00
https://twitter.com/medialab_ScPo/status/1329700507405885441,1329700507405885441,medialab_ScPo,2020-11-20T08:18:00
https://twitter.com/medialab_ScPo/status/1328724576784805891,1328724576784805891,medialab_ScPo,2020-11-17T15:40:00
https://twitter.com/medialab_ScPo/status/1328326453415428099,1328326453415428099,medialab_ScPo,2020-11-16T13:18:00
https://twitter.com/medialab_ScPo/status/1328273856797163521,1328273856797163521,medialab_ScPo,2020-11-16T09:49:00
https://twitter.com/medialab_ScPo/status/1328247181128691715,1328247181128691715,medialab_ScPo,2020-11-16T08:03:00
https://twitter.com/medialab_ScPo/status/1327190468560445441,1327190468560445441,medialab_ScPo,2020-11-13T10:04:00
https://twitter.com/medialab_ScPo/status/1326808367592058880,1326808367592058880,medialab_ScPo,2020-11-12T08:45:40
https://twitter.com/medialab_ScPo/status/1326178550920212482,1326178550920212482,medialab_ScPo,2020-11-10T15:03:00
https://twitter.com/medialab_ScPo/status/1323174505817219073,1323174505817219073,medialab_ScPo,2020-11-02T08:06:00
https://twitter.com/medialab_ScPo/status/1322117541175742464,1322117541175742464,medialab_ScPo,2020-10-30T10:06:00
https://twitter.com/medialab_ScPo/status/1321105875189157894,1321105875189157894,medialab_ScPo,2020-10-27T15:06:00
https://twitter.com/medialab_ScPo/status/1319277829998186496,1319277829998186496,medialab_ScPo,2020-10-22T14:02:00
https://twitter.com/medialab_ScPo/status/1318523107045339138,1318523107045339138,medialab_ScPo,2020-10-20T12:03:00
https://twitter.com/medialab_ScPo/status/1318085221577883648,1318085221577883648,medialab_ScPo,2020-10-19T07:03:00
https://twitter.com/medialab_ScPo/status/1317028005244407810,1317028005244407810,medialab_ScPo,2020-10-16T09:02:00
https://twitter.com/medialab_ScPo/status/1316998057850933248,1316998057850933248,medialab_ScPo,2020-10-16T07:03:00
https://twitter.com/medialab_ScPo/status/1316377300443836418,1316377300443836418,medialab_ScPo,2020-10-14T13:56:20
https://twitter.com/medialab_ScPo/status/1316016590857678848,1316016590857678848,medialab_ScPo,2020-10-13T14:03:00
https://twitter.com/medialab_ScPo/status/1315588362347085825,1315588362347085825,medialab_ScPo,2020-10-12T09:41:22
https://twitter.com/medialab_ScPo/status/1315588357611835392,1315588357611835392,medialab_ScPo,2020-10-12T09:41:21
https://twitter.com/medialab_ScPo/status/1315588355715932160,1315588355715932160,medialab_ScPo,2020-10-12T09:41:21
https://twitter.com/medialab_ScPo/status/1315588351278436352,1315588351278436352,medialab_ScPo,2020-10-12T09:41:20
https://twitter.com/medialab_ScPo/status/1314536840590815235,1314536840590815235,medialab_ScPo,2020-10-09T12:03:00
https://twitter.com/medialab_ScPo/status/1314200624834068480,1314200624834068480,medialab_ScPo,2020-10-08T13:47:00
https://twitter.com/medialab_ScPo/status/1313493716498149376,1313493716498149376,medialab_ScPo,2020-10-06T14:58:00
https://twitter.com/medialab_ScPo/status/1312768437643481089,1312768437643481089,medialab_ScPo,2020-10-04T14:56:00
https://twitter.com/medialab_ScPo/status/1312016231113740290,1312016231113740290,medialab_ScPo,2020-10-02T13:07:00
https://twitter.com/medialab_ScPo/status/1311240117093310464,1311240117093310464,medialab_ScPo,2020-09-30T09:43:00
https://twitter.com/medialab_ScPo/status/1310560136457531392,1310560136457531392,medialab_ScPo,2020-09-28T12:41:00
https://twitter.com/medialab_ScPo/status/1310473817639333888,1310473817639333888,medialab_ScPo,2020-09-28T06:58:00
https://twitter.com/medialab_ScPo/status/1309789055605972992,1309789055605972992,medialab_ScPo,2020-09-26T09:37:00
https://twitter.com/medialab_ScPo/status/1309416853010182145,1309416853010182145,medialab_ScPo,2020-09-25T08:58:00
https://twitter.com/medialab_ScPo/status/1309131976226402304,1309131976226402304,medialab_ScPo,2020-09-24T14:06:00
https://twitter.com/medialab_ScPo/status/1309031312645394432,1309031312645394432,medialab_ScPo,2020-09-24T07:26:00
https://twitter.com/medialab_ScPo/status/1308465150073151488,1308465150073151488,medialab_ScPo,2020-09-22T17:56:16
https://twitter.com/medialab_ScPo/status/1308405187267235840,1308405187267235840,medialab_ScPo,2020-09-22T13:58:00
https://twitter.com/medialab_ScPo/status/1308377001460248577,1308377001460248577,medialab_ScPo,2020-09-22T12:06:00
https://twitter.com/medialab_ScPo/status/1307937102525468675,1307937102525468675,medialab_ScPo,2020-09-21T06:58:00
https://twitter.com/medialab_ScPo/status/1306927449909997569,1306927449909997569,medialab_ScPo,2020-09-18T12:06:00
https://twitter.com/medialab_ScPo/status/1306881396657405952,1306881396657405952,medialab_ScPo,2020-09-18T09:03:00
https://twitter.com/medialab_ScPo/status/1306849938974924800,1306849938974924800,medialab_ScPo,2020-09-18T06:58:00
https://twitter.com/medialab_ScPo/status/1305870485314506757,1305870485314506757,medialab_ScPo,2020-09-15T14:06:00
https://twitter.com/medialab_ScPo/status/1305442640553484288,1305442640553484288,medialab_ScPo,2020-09-14T09:45:54
https://twitter.com/medialab_ScPo/status/1304524617030291456,1304524617030291456,medialab_ScPo,2020-09-11T20:58:00
https://twitter.com/medialab_ScPo/status/1303341416354066433,1303341416354066433,medialab_ScPo,2020-09-08T14:36:23
https://twitter.com/medialab_ScPo/status/1301504033081962501,1301504033081962501,medialab_ScPo,2020-09-03T12:55:16
https://twitter.com/medialab_ScPo/status/1301504029105717250,1301504029105717250,medialab_ScPo,2020-09-03T12:55:15
https://twitter.com/medialab_ScPo/status/1301504026274562049,1301504026274562049,medialab_ScPo,2020-09-03T12:55:15
https://twitter.com/medialab_ScPo/status/1301504023732785154,1301504023732785154,medialab_ScPo,2020-09-03T12:55:14
https://twitter.com/medialab_ScPo/status/1301075640825688065,1301075640825688065,medialab_ScPo,2020-09-02T08:33:00
https://twitter.com/medialab_ScPo/status/1297890849641189377,1297890849641189377,medialab_ScPo,2020-08-24T13:37:46
https://twitter.com/medialab_ScPo/status/1285931467395215362,1285931467395215362,medialab_ScPo,2020-07-22T13:35:27
https://twitter.com/medialab_ScPo/status/1284154793376784385,1284154793376784385,medialab_ScPo,2020-07-17T15:55:35
https://twitter.com/medialab_ScPo/status/1280539468064309250,1280539468064309250,medialab_ScPo,2020-07-07T16:29:35
https://twitter.com/medialab_ScPo/status/1280148367675449345,1280148367675449345,medialab_ScPo,2020-07-06T14:35:29
https://twitter.com/medialab_ScPo/status/1280042849925464064,1280042849925464064,medialab_ScPo,2020-07-06T07:36:12
https://twitter.com/medialab_ScPo/status/1276188529958293505,1276188529958293505,medialab_ScPo,2020-06-25T16:20:30
https://twitter.com/medialab_ScPo/status/1273878255557324800,1273878255557324800,medialab_ScPo,2020-06-19T07:20:18
https://twitter.com/medialab_ScPo/status/1271411535001391110,1271411535001391110,medialab_ScPo,2020-06-12T11:58:26
https://twitter.com/medialab_ScPo/status/1270657647927230466,1270657647927230466,medialab_ScPo,2020-06-10T10:02:45
https://twitter.com/medialab_ScPo/status/1270021648725532675,1270021648725532675,medialab_ScPo,2020-06-08T15:55:31
https://twitter.com/medialab_ScPo/status/1269936805954170889,1269936805954170889,medialab_ScPo,2020-06-08T10:18:23
https://twitter.com/medialab_ScPo/status/1268206597752393728,1268206597752393728,medialab_ScPo,2020-06-03T15:43:09
https://twitter.com/medialab_ScPo/status/1268074607942217729,1268074607942217729,medialab_ScPo,2020-06-03T06:58:40
https://twitter.com/medialab_ScPo/status/1267713308083105793,1267713308083105793,medialab_ScPo,2020-06-02T07:03:00
https://twitter.com/medialab_ScPo/status/1266408963186348033,1266408963186348033,medialab_ScPo,2020-05-29T16:40:00
https://twitter.com/medialab_ScPo/status/1266264008174206976,1266264008174206976,medialab_ScPo,2020-05-29T07:04:00
https://twitter.com/medialab_ScPo/status/1265207798444548097,1265207798444548097,medialab_ScPo,2020-05-26T09:07:00
https://twitter.com/medialab_ScPo/status/1263108717085679618,1263108717085679618,medialab_ScPo,2020-05-20T14:06:00
https://twitter.com/medialab_ScPo/status/1262407170005577728,1262407170005577728,medialab_ScPo,2020-05-18T15:38:18
https://twitter.com/medialab_ScPo/status/1260593169147793410,1260593169147793410,medialab_ScPo,2020-05-13T15:30:06
https://twitter.com/medialab_ScPo/status/1260225003397812226,1260225003397812226,medialab_ScPo,2020-05-12T15:07:09
https://twitter.com/medialab_ScPo/status/1260152417510883328,1260152417510883328,medialab_ScPo,2020-05-12T10:18:43
https://twitter.com/medialab_ScPo/status/1255876513242787840,1255876513242787840,medialab_ScPo,2020-04-30T15:07:48
https://twitter.com/medialab_ScPo/status/1255838310632751107,1255838310632751107,medialab_ScPo,2020-04-30T12:36:00
https://twitter.com/medialab_ScPo/status/1255744693578592256,1255744693578592256,medialab_ScPo,2020-04-30T06:24:00
https://twitter.com/medialab_ScPo/status/1252874028085391360,1252874028085391360,medialab_ScPo,2020-04-22T08:17:00
https://twitter.com/medialab_ScPo/status/1251145387676700673,1251145387676700673,medialab_ScPo,2020-04-17T13:48:00
https://twitter.com/medialab_ScPo/status/1251059572162232320,1251059572162232320,medialab_ScPo,2020-04-17T08:07:00
https://twitter.com/medialab_ScPo/status/1250086495739883522,1250086495739883522,medialab_ScPo,2020-04-14T15:40:20
https://twitter.com/medialab_ScPo/status/1250008338252922881,1250008338252922881,medialab_ScPo,2020-04-14T10:29:46
https://twitter.com/medialab_ScPo/status/1247457715728850945,1247457715728850945,medialab_ScPo,2020-04-07T09:34:30
https://twitter.com/medialab_ScPo/status/1247146975033786370,1247146975033786370,medialab_ScPo,2020-04-06T12:59:44
https://twitter.com/medialab_ScPo/status/1246056273289805824,1246056273289805824,medialab_ScPo,2020-04-03T12:45:40
https://twitter.com/medialab_ScPo/status/1245781390001651712,1245781390001651712,medialab_ScPo,2020-04-02T18:33:23
https://twitter.com/medialab_ScPo/status/1244637963281141763,1244637963281141763,medialab_ScPo,2020-03-30T14:49:49
https://twitter.com/medialab_ScPo/status/1243582552759287820,1243582552759287820,medialab_ScPo,2020-03-27T16:55:59
https://twitter.com/medialab_ScPo/status/1241302182613389313,1241302182613389313,medialab_ScPo,2020-03-21T09:54:37
https://twitter.com/medialab_ScPo/status/1241302180382072833,1241302180382072833,medialab_ScPo,2020-03-21T09:54:36
https://twitter.com/medialab_ScPo/status/1240940142635909120,1240940142635909120,medialab_ScPo,2020-03-20T09:56:00
https://twitter.com/medialab_ScPo/status/1239558966121844736,1239558966121844736,medialab_ScPo,2020-03-16T14:27:42
https://twitter.com/medialab_ScPo/status/1238394905615126529,1238394905615126529,medialab_ScPo,2020-03-13T09:22:08
https://twitter.com/medialab_ScPo/status/1238387935977902080,1238387935977902080,medialab_ScPo,2020-03-13T08:54:26
https://twitter.com/medialab_ScPo/status/1237760433529982981,1237760433529982981,medialab_ScPo,2020-03-11T15:20:58
https://twitter.com/medialab_ScPo/status/1237760377779347459,1237760377779347459,medialab_ScPo,2020-03-11T15:20:45
https://twitter.com/medialab_ScPo/status/1237760375212445698,1237760375212445698,medialab_ScPo,2020-03-11T15:20:44
https://twitter.com/medialab_ScPo/status/1237380566250553344,1237380566250553344,medialab_ScPo,2020-03-10T14:11:31
https://twitter.com/medialab_ScPo/status/1237316264013545477,1237316264013545477,medialab_ScPo,2020-03-10T09:56:00
https://twitter.com/medialab_ScPo/status/1235942210509647875,1235942210509647875,medialab_ScPo,2020-03-06T14:56:00
https://twitter.com/medialab_ScPo/status/1234460446339584002,1234460446339584002,medialab_ScPo,2020-03-02T12:48:00
https://twitter.com/medialab_ScPo/status/1234389478782820352,1234389478782820352,medialab_ScPo,2020-03-02T08:06:00
https://twitter.com/medialab_ScPo/status/1233436446238892033,1233436446238892033,medialab_ScPo,2020-02-28T16:58:59
https://twitter.com/medialab_ScPo/status/1233330249015996416,1233330249015996416,medialab_ScPo,2020-02-28T09:57:00
https://twitter.com/medialab_ScPo/status/1232958124522377218,1232958124522377218,medialab_ScPo,2020-02-27T09:18:18
https://twitter.com/medialab_ScPo/status/1232579552590909440,1232579552590909440,medialab_ScPo,2020-02-26T08:14:00
https://twitter.com/medialab_ScPo/status/1232322106286755841,1232322106286755841,medialab_ScPo,2020-02-25T15:11:00
https://twitter.com/medialab_ScPo/status/1231922571303669760,1231922571303669760,medialab_ScPo,2020-02-24T12:43:23
https://twitter.com/medialab_ScPo/status/1231853266931154947,1231853266931154947,medialab_ScPo,2020-02-24T08:08:00
https://twitter.com/medialab_ScPo/status/1230795798960467968,1230795798960467968,medialab_ScPo,2020-02-21T10:06:00
https://twitter.com/medialab_ScPo/status/1229785894758092800,1229785894758092800,medialab_ScPo,2020-02-18T15:13:00
https://twitter.com/medialab_ScPo/status/1229313531989897216,1229313531989897216,medialab_ScPo,2020-02-17T07:56:00
https://twitter.com/medialab_ScPo/status/1228289786525442048,1228289786525442048,medialab_ScPo,2020-02-14T12:08:00
https://twitter.com/medialab_ScPo/status/1227969677051088898,1227969677051088898,medialab_ScPo,2020-02-13T14:56:00
https://twitter.com/medialab_ScPo/status/1227550934026407936,1227550934026407936,medialab_ScPo,2020-02-12T11:12:04
https://twitter.com/medialab_ScPo/status/1225453425036611585,1225453425036611585,medialab_ScPo,2020-02-06T16:17:19
https://twitter.com/medialab_ScPo/status/1224696996558229504,1224696996558229504,medialab_ScPo,2020-02-04T14:11:32
https://twitter.com/medialab_ScPo/status/1224241110710534144,1224241110710534144,medialab_ScPo,2020-02-03T08:00:00
https://twitter.com/medialab_ScPo/status/1223524577009119234,1223524577009119234,medialab_ScPo,2020-02-01T08:32:45
https://twitter.com/medialab_ScPo/status/1223214345770979328,1223214345770979328,medialab_ScPo,2020-01-31T12:00:00
https://twitter.com/medialab_ScPo/status/1222908554396557317,1222908554396557317,medialab_ScPo,2020-01-30T15:44:54
https://twitter.com/medialab_ScPo/status/1222834158726189057,1222834158726189057,medialab_ScPo,2020-01-30T10:49:17
https://twitter.com/medialab_ScPo/status/1222180027959250945,1222180027959250945,medialab_ScPo,2020-01-28T15:30:00
https://twitter.com/medialab_ScPo/status/1221704394246217729,1221704394246217729,medialab_ScPo,2020-01-27T08:00:00
https://twitter.com/medialab_ScPo/status/1220677631114391552,1220677631114391552,medialab_ScPo,2020-01-24T12:00:01
https://twitter.com/medialab_ScPo/status/1219944274025992192,1219944274025992192,medialab_ScPo,2020-01-22T11:25:55
https://twitter.com/medialab_ScPo/status/1219650784327032832,1219650784327032832,medialab_ScPo,2020-01-21T15:59:41
https://twitter.com/medialab_ScPo/status/1219201690009731074,1219201690009731074,medialab_ScPo,2020-01-20T10:15:09
https://twitter.com/medialab_ScPo/status/1216675820338667520,1216675820338667520,medialab_ScPo,2020-01-13T10:58:14
https://twitter.com/medialab_ScPo/status/1215940916352929792,1215940916352929792,medialab_ScPo,2020-01-11T10:18:00
https://twitter.com/medialab_ScPo/status/1215914931788357632,1215914931788357632,medialab_ScPo,2020-01-11T08:34:45
https://twitter.com/medialab_ScPo/status/1214978666431762437,1214978666431762437,medialab_ScPo,2020-01-08T18:34:21
https://twitter.com/medialab_ScPo/status/1214977840636203009,1214977840636203009,medialab_ScPo,2020-01-08T18:31:05
https://twitter.com/medialab_ScPo/status/1214975305825296386,1214975305825296386,medialab_ScPo,2020-01-08T18:21:00
https://twitter.com/medialab_ScPo/status/1214972537966333952,1214972537966333952,medialab_ScPo,2020-01-08T18:10:00
https://twitter.com/medialab_ScPo/status/1214969334143037446,1214969334143037446,medialab_ScPo,2020-01-08T17:57:16
https://twitter.com/medialab_ScPo/status/1214962842270683136,1214962842270683136,medialab_ScPo,2020-01-08T17:31:29
https://twitter.com/medialab_ScPo/status/1214959257738711042,1214959257738711042,medialab_ScPo,2020-01-08T17:17:14
https://twitter.com/medialab_ScPo/status/1214953786910875655,1214953786910875655,medialab_ScPo,2020-01-08T16:55:30
https://twitter.com/medialab_ScPo/status/1214951944571228160,1214951944571228160,medialab_ScPo,2020-01-08T16:48:10
https://twitter.com/medialab_ScPo/status/1214947785105182721,1214947785105182721,medialab_ScPo,2020-01-08T16:31:39
https://twitter.com/medialab_ScPo/status/1214945868861845505,1214945868861845505,medialab_ScPo,2020-01-08T16:24:02
https://twitter.com/medialab_ScPo/status/1214940577411846145,1214940577411846145,medialab_ScPo,2020-01-08T16:03:00
https://twitter.com/medialab_ScPo/status/1214938251578007552,1214938251578007552,medialab_ScPo,2020-01-08T15:53:46
https://twitter.com/medialab_ScPo/status/1214936767977136138,1214936767977136138,medialab_ScPo,2020-01-08T15:47:52
https://twitter.com/medialab_ScPo/status/1214932902418567168,1214932902418567168,medialab_ScPo,2020-01-08T15:32:30
https://twitter.com/medialab_ScPo/status/1214931552469225473,1214931552469225473,medialab_ScPo,2020-01-08T15:27:09
https://twitter.com/medialab_ScPo/status/1214930281339269122,1214930281339269122,medialab_ScPo,2020-01-08T15:22:06
https://twitter.com/medialab_ScPo/status/1214862801891659776,1214862801891659776,medialab_ScPo,2020-01-08T10:53:57
https://twitter.com/medialab_ScPo/status/1214574057171116037,1214574057171116037,medialab_ScPo,2020-01-07T15:46:35
https://twitter.com/medialab_ScPo/status/1213025204026273792,1213025204026273792,medialab_ScPo,2020-01-03T09:12:00
https://twitter.com/medialab_ScPo/status/1212778716771880960,1212778716771880960,medialab_ScPo,2020-01-02T16:52:33
https://twitter.com/medialab_ScPo/status/1212757002109247488,1212757002109247488,medialab_ScPo,2020-01-02T15:26:15
https://twitter.com/medialab_ScPo/status/1207650539539963906,1207650539539963906,medialab_ScPo,2019-12-19T13:15:00
https://twitter.com/medialab_ScPo/status/1207598614970798082,1207598614970798082,medialab_ScPo,2019-12-19T09:48:40
https://twitter.com/medialab_ScPo/status/1204702092671279105,1204702092671279105,medialab_ScPo,2019-12-11T09:58:55
https://twitter.com/medialab_ScPo/status/1204055728555806721,1204055728555806721,medialab_ScPo,2019-12-09T15:10:30
https://twitter.com/medialab_ScPo/status/1202977837457780737,1202977837457780737,medialab_ScPo,2019-12-06T15:47:21
https://twitter.com/medialab_ScPo/status/1202269202188505090,1202269202188505090,medialab_ScPo,2019-12-04T16:51:29
https://twitter.com/medialab_ScPo/status/1199613660366352384,1199613660366352384,medialab_ScPo,2019-11-27T08:59:19
https://twitter.com/medialab_ScPo/status/1199609556130623488,1199609556130623488,medialab_ScPo,2019-11-27T08:43:00
https://twitter.com/medialab_ScPo/status/1199372399097131008,1199372399097131008,medialab_ScPo,2019-11-26T17:00:37
https://twitter.com/medialab_ScPo/status/1199268890020327425,1199268890020327425,medialab_ScPo,2019-11-26T10:09:19
https://twitter.com/medialab_ScPo/status/1198867414810804224,1198867414810804224,medialab_ScPo,2019-11-25T07:34:00
https://twitter.com/medialab_ScPo/status/1197514159828733953,1197514159828733953,medialab_ScPo,2019-11-21T13:56:39
https://twitter.com/medialab_ScPo/status/1195653739102822401,1195653739102822401,medialab_ScPo,2019-11-16T10:44:00
https://twitter.com/medialab_ScPo/status/1195370226457681926,1195370226457681926,medialab_ScPo,2019-11-15T15:57:25
https://twitter.com/medialab_ScPo/status/1194924245664649216,1194924245664649216,medialab_ScPo,2019-11-14T10:25:15
https://twitter.com/medialab_ScPo/status/1194549982919057408,1194549982919057408,medialab_ScPo,2019-11-13T09:38:04
https://twitter.com/medialab_ScPo/status/1183631521682358272,1183631521682358272,medialab_ScPo,2019-10-14T06:32:00
https://twitter.com/medialab_ScPo/status/1182529775719596034,1182529775719596034,medialab_ScPo,2019-10-11T05:34:03
https://twitter.com/medialab_ScPo/status/1181944576707305472,1181944576707305472,medialab_ScPo,2019-10-09T14:48:41
https://twitter.com/medialab_ScPo/status/1180043541730545664,1180043541730545664,medialab_ScPo,2019-10-04T08:54:39
https://twitter.com/medialab_ScPo/status/1176838682969563136,1176838682969563136,medialab_ScPo,2019-09-25T12:39:41
https://twitter.com/medialab_ScPo/status/1176838681224765444,1176838681224765444,medialab_ScPo,2019-09-25T12:39:40
https://twitter.com/medialab_ScPo/status/1176432586135990272,1176432586135990272,medialab_ScPo,2019-09-24T09:46:00
https://twitter.com/medialab_ScPo/status/1175016997203193856,1175016997203193856,medialab_ScPo,2019-09-20T12:00:57
https://twitter.com/medialab_ScPo/status/1173928012049453056,1173928012049453056,medialab_ScPo,2019-09-17T11:53:43
https://twitter.com/medialab_ScPo/status/1173927442358181888,1173927442358181888,medialab_ScPo,2019-09-17T11:51:27
https://twitter.com/medialab_ScPo/status/1173901812665081856,1173901812665081856,medialab_ScPo,2019-09-17T10:09:36
https://twitter.com/medialab_ScPo/status/1173883443362586624,1173883443362586624,medialab_ScPo,2019-09-17T08:56:37
https://twitter.com/medialab_ScPo/status/1171433767157633032,1171433767157633032,medialab_ScPo,2019-09-10T14:42:28
https://twitter.com/medialab_ScPo/status/1171433759230414848,1171433759230414848,medialab_ScPo,2019-09-10T14:42:27
https://twitter.com/medialab_ScPo/status/1171433757779193861,1171433757779193861,medialab_ScPo,2019-09-10T14:42:26
https://twitter.com/medialab_ScPo/status/1166724962146758657,1166724962146758657,medialab_ScPo,2019-08-28T14:51:22
https://twitter.com/medialab_ScPo/status/1156107343110819840,1156107343110819840,medialab_ScPo,2019-07-30T07:40:44
https://twitter.com/medialab_ScPo/status/1154743834703777793,1154743834703777793,medialab_ScPo,2019-07-26T13:22:38
https://twitter.com/medialab_ScPo/status/1148596996795768836,1148596996795768836,medialab_ScPo,2019-07-09T14:17:18
https://twitter.com/medialab_ScPo/status/1148204150011940864,1148204150011940864,medialab_ScPo,2019-07-08T12:16:16
https://twitter.com/medialab_ScPo/status/1145679760833617920,1145679760833617920,medialab_ScPo,2019-07-01T13:05:15
https://twitter.com/medialab_ScPo/status/1142077484512534530,1142077484512534530,medialab_ScPo,2019-06-21T14:31:05
https://twitter.com/medialab_ScPo/status/1141689211873087488,1141689211873087488,medialab_ScPo,2019-06-20T12:48:14
https://twitter.com/medialab_ScPo/status/1141245034026737665,1141245034026737665,medialab_ScPo,2019-06-19T07:23:14
https://twitter.com/medialab_ScPo/status/1140950392089513984,1140950392089513984,medialab_ScPo,2019-06-18T11:52:25
https://twitter.com/medialab_ScPo/status/1140538908398145536,1140538908398145536,medialab_ScPo,2019-06-17T08:37:20
https://twitter.com/medialab_ScPo/status/1138850584621195265,1138850584621195265,medialab_ScPo,2019-06-12T16:48:32
https://twitter.com/medialab_ScPo/status/1138845733908598784,1138845733908598784,medialab_ScPo,2019-06-12T16:29:16
https://twitter.com/medialab_ScPo/status/1138837673253228544,1138837673253228544,medialab_ScPo,2019-06-12T15:57:14
https://twitter.com/medialab_ScPo/status/1138831014770499584,1138831014770499584,medialab_ScPo,2019-06-12T15:30:47
https://twitter.com/medialab_ScPo/status/1138828615402102785,1138828615402102785,medialab_ScPo,2019-06-12T15:21:14
https://twitter.com/medialab_ScPo/status/1138448532338290691,1138448532338290691,medialab_ScPo,2019-06-11T14:10:56
https://twitter.com/medialab_ScPo/status/1138424316205445120,1138424316205445120,medialab_ScPo,2019-06-11T12:34:42
https://twitter.com/medialab_ScPo/status/1136984458979106817,1136984458979106817,medialab_ScPo,2019-06-07T13:13:13
https://twitter.com/medialab_ScPo/status/1136974624653283329,1136974624653283329,medialab_ScPo,2019-06-07T12:34:09
https://twitter.com/medialab_ScPo/status/1136906855001858048,1136906855001858048,medialab_ScPo,2019-06-07T08:04:51
https://twitter.com/medialab_ScPo/status/1136222233616101376,1136222233616101376,medialab_ScPo,2019-06-05T10:44:25
https://twitter.com/medialab_ScPo/status/1135883693829083136,1135883693829083136,medialab_ScPo,2019-06-04T12:19:10
https://twitter.com/medialab_ScPo/status/1135554617746612225,1135554617746612225,medialab_ScPo,2019-06-03T14:31:33
https://twitter.com/medialab_ScPo/status/1135487816132169728,1135487816132169728,medialab_ScPo,2019-06-03T10:06:06
https://twitter.com/medialab_ScPo/status/1134560711898779649,1134560711898779649,medialab_ScPo,2019-05-31T20:42:07
https://twitter.com/medialab_ScPo/status/1134555948645781504,1134555948645781504,medialab_ScPo,2019-05-31T20:23:11
https://twitter.com/medialab_ScPo/status/1134409071451365377,1134409071451365377,medialab_ScPo,2019-05-31T10:39:33
https://twitter.com/medialab_ScPo/status/1133745456104787968,1133745456104787968,medialab_ScPo,2019-05-29T14:42:35
https://twitter.com/medialab_ScPo/status/1133388960829280256,1133388960829280256,medialab_ScPo,2019-05-28T15:06:00
https://twitter.com/medialab_ScPo/status/1133013591026741250,1133013591026741250,medialab_ScPo,2019-05-27T14:14:25
https://twitter.com/medialab_ScPo/status/1131932710606446592,1131932710606446592,medialab_ScPo,2019-05-24T14:39:23
https://twitter.com/medialab_ScPo/status/1130895033023045632,1130895033023045632,medialab_ScPo,2019-05-21T17:56:01
https://twitter.com/medialab_ScPo/status/1130884238461603840,1130884238461603840,medialab_ScPo,2019-05-21T17:13:07
https://twitter.com/medialab_ScPo/status/1130807956776337408,1130807956776337408,medialab_ScPo,2019-05-21T12:10:00
https://twitter.com/medialab_ScPo/status/1130760773209346048,1130760773209346048,medialab_ScPo,2019-05-21T09:02:31
https://twitter.com/medialab_ScPo/status/1130532764669874177,1130532764669874177,medialab_ScPo,2019-05-20T17:56:30
https://twitter.com/medialab_ScPo/status/1130468903270985728,1130468903270985728,medialab_ScPo,2019-05-20T13:42:44
https://twitter.com/medialab_ScPo/status/1129376397674389508,1129376397674389508,medialab_ScPo,2019-05-17T13:21:30
https://twitter.com/medialab_ScPo/status/1129330307444953089,1129330307444953089,medialab_ScPo,2019-05-17T10:18:21
https://twitter.com/medialab_ScPo/status/1128329514436763649,1128329514436763649,medialab_ScPo,2019-05-14T16:01:34
https://twitter.com/medialab_ScPo/status/1126507253152923649,1126507253152923649,medialab_ScPo,2019-05-09T15:20:33
https://twitter.com/medialab_ScPo/status/1125779155809968130,1125779155809968130,medialab_ScPo,2019-05-07T15:07:21
https://twitter.com/medialab_ScPo/status/1124287237275803648,1124287237275803648,medialab_ScPo,2019-05-03T12:19:00
https://twitter.com/medialab_ScPo/status/1121320567959953408,1121320567959953408,medialab_ScPo,2019-04-25T07:50:31
https://twitter.com/medialab_ScPo/status/1118495696166977536,1118495696166977536,medialab_ScPo,2019-04-17T12:45:29
https://twitter.com/medialab_ScPo/status/1118199212892667905,1118199212892667905,medialab_ScPo,2019-04-16T17:07:22
https://twitter.com/medialab_ScPo/status/1118194983910170626,1118194983910170626,medialab_ScPo,2019-04-16T16:50:33
https://twitter.com/medialab_ScPo/status/1118186399776346112,1118186399776346112,medialab_ScPo,2019-04-16T16:16:27
https://twitter.com/medialab_ScPo/status/1118176202274025473,1118176202274025473,medialab_ScPo,2019-04-16T15:35:55
https://twitter.com/medialab_ScPo/status/1118172698935484416,1118172698935484416,medialab_ScPo,2019-04-16T15:22:00
https://twitter.com/medialab_ScPo/status/1118166657208184832,1118166657208184832,medialab_ScPo,2019-04-16T14:58:00
https://twitter.com/medialab_ScPo/status/1112629508019048449,1112629508019048449,medialab_ScPo,2019-04-01T08:15:21
https://twitter.com/medialab_ScPo/status/1110817736815333376,1110817736815333376,medialab_ScPo,2019-03-27T08:16:01
https://twitter.com/medialab_ScPo/status/1108292846442864641,1108292846442864641,medialab_ScPo,2019-03-20T09:03:00
https://twitter.com/medialab_ScPo/status/1107566320021852160,1107566320021852160,medialab_ScPo,2019-03-18T08:56:02
https://twitter.com/medialab_ScPo/status/1106217101847642112,1106217101847642112,medialab_ScPo,2019-03-14T15:34:44
https://twitter.com/medialab_ScPo/status/1105381160421486592,1105381160421486592,medialab_ScPo,2019-03-12T08:13:00
https://twitter.com/medialab_ScPo/status/1105039110702592000,1105039110702592000,medialab_ScPo,2019-03-11T09:33:49
https://twitter.com/medialab_ScPo/status/1103588839740919808,1103588839740919808,medialab_ScPo,2019-03-07T09:30:57
https://twitter.com/medialab_ScPo/status/1098592997954863105,1098592997954863105,medialab_ScPo,2019-02-21T14:39:16
https://twitter.com/medialab_ScPo/status/1097518112755339266,1097518112755339266,medialab_ScPo,2019-02-18T15:28:03
https://twitter.com/medialab_ScPo/status/1095727883803344896,1095727883803344896,medialab_ScPo,2019-02-13T16:54:19
https://twitter.com/medialab_ScPo/status/1092014485496303616,1092014485496303616,medialab_ScPo,2019-02-03T10:58:36
https://twitter.com/medialab_ScPo/status/1092011186395271168,1092011186395271168,medialab_ScPo,2019-02-03T10:45:30
https://twitter.com/medialab_ScPo/status/1091677830344306691,1091677830344306691,medialab_ScPo,2019-02-02T12:40:51
https://twitter.com/medialab_ScPo/status/1091650499747762186,1091650499747762186,medialab_ScPo,2019-02-02T10:52:15
https://twitter.com/medialab_ScPo/status/1091649883516358656,1091649883516358656,medialab_ScPo,2019-02-02T10:49:48
https://twitter.com/medialab_ScPo/status/1090904804057104384,1090904804057104384,medialab_ScPo,2019-01-31T09:29:07
https://twitter.com/medialab_ScPo/status/1088492955764166656,1088492955764166656,medialab_ScPo,2019-01-24T17:45:18
https://twitter.com/medialab_ScPo/status/1088002909567156224,1088002909567156224,medialab_ScPo,2019-01-23T09:18:02
https://twitter.com/medialab_ScPo/status/1086273012779741186,1086273012779741186,medialab_ScPo,2019-01-18T14:44:02
https://twitter.com/medialab_ScPo/status/1086166802348929025,1086166802348929025,medialab_ScPo,2019-01-18T07:42:00
https://twitter.com/medialab_ScPo/status/1082286709541425154,1082286709541425154,medialab_ScPo,2019-01-07T14:43:54
https://twitter.com/medialab_ScPo/status/1073511146752229376,1073511146752229376,medialab_ScPo,2018-12-14T09:32:56
https://twitter.com/medialab_ScPo/status/1069880923909513216,1069880923909513216,medialab_ScPo,2018-12-04T09:07:44
https://twitter.com/medialab_ScPo/status/1065648548425986048,1065648548425986048,medialab_ScPo,2018-11-22T16:49:47
https://twitter.com/medialab_ScPo/status/1065648547180265473,1065648547180265473,medialab_ScPo,2018-11-22T16:49:47
https://twitter.com/medialab_ScPo/status/1065646759588835329,1065646759588835329,medialab_ScPo,2018-11-22T16:42:40
https://twitter.com/medialab_ScPo/status/1065631224910282754,1065631224910282754,medialab_ScPo,2018-11-22T15:40:57
https://twitter.com/medialab_ScPo/status/1065619488501059592,1065619488501059592,medialab_ScPo,2018-11-22T14:54:18
https://twitter.com/medialab_ScPo/status/1065610317781221377,1065610317781221377,medialab_ScPo,2018-11-22T14:17:52
https://twitter.com/medialab_ScPo/status/1065604826153869313,1065604826153869313,medialab_ScPo,2018-11-22T13:56:03
https://twitter.com/medialab_ScPo/status/1065596102206992384,1065596102206992384,medialab_ScPo,2018-11-22T13:21:23
https://twitter.com/medialab_ScPo/status/1065587449823404033,1065587449823404033,medialab_ScPo,2018-11-22T12:47:00
https://twitter.com/medialab_ScPo/status/1065556424347013120,1065556424347013120,medialab_ScPo,2018-11-22T10:43:43
https://twitter.com/medialab_ScPo/status/1065556421956243456,1065556421956243456,medialab_ScPo,2018-11-22T10:43:42
https://twitter.com/medialab_ScPo/status/1065556420903542784,1065556420903542784,medialab_ScPo,2018-11-22T10:43:42
https://twitter.com/medialab_ScPo/status/1061927031284350976,1061927031284350976,medialab_ScPo,2018-11-12T10:21:48
https://twitter.com/medialab_ScPo/status/1059436320530030592,1059436320530030592,medialab_ScPo,2018-11-05T13:24:36
https://twitter.com/medialab_ScPo/status/1052943502009622528,1052943502009622528,medialab_ScPo,2018-10-18T15:24:28
https://twitter.com/medialab_ScPo/status/1049318078214021120,1049318078214021120,medialab_ScPo,2018-10-08T15:18:19
https://twitter.com/medialab_ScPo/status/1045621090628898816,1045621090628898816,medialab_ScPo,2018-09-28T10:27:49
https://twitter.com/medialab_ScPo/status/1042008650116685830,1042008650116685830,medialab_ScPo,2018-09-18T11:13:16
https://twitter.com/medialab_ScPo/status/1040606855146496003,1040606855146496003,medialab_ScPo,2018-09-14T14:23:02
https://twitter.com/medialab_ScPo/status/1039072044225372160,1039072044225372160,medialab_ScPo,2018-09-10T08:44:15
https://twitter.com/medialab_ScPo/status/1021696518942871552,1021696518942871552,medialab_ScPo,2018-07-24T10:00:06
https://twitter.com/medialab_ScPo/status/1020222163339612160,1020222163339612160,medialab_ScPo,2018-07-20T08:21:33
https://twitter.com/medialab_ScPo/status/1014154058603679745,1014154058603679745,medialab_ScPo,2018-07-03T14:29:04
https://twitter.com/medialab_ScPo/status/1012620466857697281,1012620466857697281,medialab_ScPo,2018-06-29T08:55:07
https://twitter.com/medialab_ScPo/status/1011590105708892161,1011590105708892161,medialab_ScPo,2018-06-26T12:40:50
https://twitter.com/medialab_ScPo/status/1008763340368306176,1008763340368306176,medialab_ScPo,2018-06-18T17:28:16
https://twitter.com/medialab_ScPo/status/1000056537078001664,1000056537078001664,medialab_ScPo,2018-05-25T16:50:33
https://twitter.com/medialab_ScPo/status/997470484966100993,997470484966100993,medialab_ScPo,2018-05-18T13:34:30
https://twitter.com/medialab_ScPo/status/992063008796037120,992063008796037120,medialab_ScPo,2018-05-03T15:27:07
https://twitter.com/medialab_ScPo/status/990914150355390465,990914150355390465,medialab_ScPo,2018-04-30T11:21:58
https://twitter.com/medialab_ScPo/status/989845148392742912,989845148392742912,medialab_ScPo,2018-04-27T12:34:08
https://twitter.com/medialab_ScPo/status/989069493220663297,989069493220663297,medialab_ScPo,2018-04-25T09:11:57
https://twitter.com/medialab_ScPo/status/981126082421252096,981126082421252096,medialab_ScPo,2018-04-03T11:07:41
https://twitter.com/medialab_ScPo/status/975684023187136514,975684023187136514,medialab_ScPo,2018-03-19T10:42:53
https://twitter.com/medialab_ScPo/status/975661152708546561,975661152708546561,medialab_ScPo,2018-03-19T09:12:00
https://twitter.com/medialab_ScPo/status/971328739228438529,971328739228438529,medialab_ScPo,2018-03-07T10:16:32
https://twitter.com/medialab_ScPo/status/971011591146758144,971011591146758144,medialab_ScPo,2018-03-06T13:16:18
https://twitter.com/medialab_ScPo/status/969536359504449537,969536359504449537,medialab_ScPo,2018-03-02T11:34:15
https://twitter.com/medialab_ScPo/status/968067206658523136,968067206658523136,medialab_ScPo,2018-02-26T10:16:22
https://twitter.com/medialab_ScPo/status/965636446546784256,965636446546784256,medialab_ScPo,2018-02-19T17:17:24
https://twitter.com/medialab_ScPo/status/960463147319558144,960463147319558144,medialab_ScPo,2018-02-05T10:40:33
https://twitter.com/medialab_ScPo/status/960448110580391936,960448110580391936,medialab_ScPo,2018-02-05T09:40:48
https://twitter.com/medialab_ScPo/status/959782316334776320,959782316334776320,medialab_ScPo,2018-02-03T13:35:10
https://twitter.com/medialab_ScPo/status/959368112826142721,959368112826142721,medialab_ScPo,2018-02-02T10:09:16
https://twitter.com/medialab_ScPo/status/956520821522161664,956520821522161664,medialab_ScPo,2018-01-25T13:35:09
https://twitter.com/medialab_ScPo/status/955438900155158529,955438900155158529,medialab_ScPo,2018-01-22T13:55:59
https://twitter.com/medialab_ScPo/status/954327808888791040,954327808888791040,medialab_ScPo,2018-01-19T12:20:54
https://twitter.com/medialab_ScPo/status/954314194857447424,954314194857447424,medialab_ScPo,2018-01-19T11:26:49
https://twitter.com/medialab_ScPo/status/954313271330426885,954313271330426885,medialab_ScPo,2018-01-19T11:23:08
https://twitter.com/medialab_ScPo/status/953664904497569793,953664904497569793,medialab_ScPo,2018-01-17T16:26:46
https://twitter.com/medialab_ScPo/status/953664599320035330,953664599320035330,medialab_ScPo,2018-01-17T16:25:33
https://twitter.com/medialab_ScPo/status/952945065730691072,952945065730691072,medialab_ScPo,2018-01-15T16:46:23
https://twitter.com/medialab_ScPo/status/943131416522616835,943131416522616835,medialab_ScPo,2017-12-19T14:50:26
https://twitter.com/medialab_ScPo/status/937006693506011143,937006693506011143,medialab_ScPo,2017-12-02T17:12:59
https://twitter.com/medialab_ScPo/status/937002814546567168,937002814546567168,medialab_ScPo,2017-12-02T16:57:34
https://twitter.com/medialab_ScPo/status/936991839030259712,936991839030259712,medialab_ScPo,2017-12-02T16:13:57
https://twitter.com/medialab_ScPo/status/936984280005316609,936984280005316609,medialab_ScPo,2017-12-02T15:43:55
https://twitter.com/medialab_ScPo/status/936982221147209728,936982221147209728,medialab_ScPo,2017-12-02T15:35:44
https://twitter.com/medialab_ScPo/status/936980889686433792,936980889686433792,medialab_ScPo,2017-12-02T15:30:27
https://twitter.com/medialab_ScPo/status/936976881647325184,936976881647325184,medialab_ScPo,2017-12-02T15:14:31
https://twitter.com/medialab_ScPo/status/935826498212286465,935826498212286465,medialab_ScPo,2017-11-29T11:03:18
https://twitter.com/medialab_ScPo/status/879365078994255872,879365078994255872,medialab_ScPo,2017-06-26T15:45:47
https://twitter.com/medialab_ScPo/status/865541855177342976,865541855177342976,medialab_ScPo,2017-05-19T12:17:13
https://twitter.com/medialab_ScPo/status/859711945901002752,859711945901002752,medialab_ScPo,2017-05-03T10:11:15
https://twitter.com/medialab_ScPo/status/859705613630271488,859705613630271488,medialab_ScPo,2017-05-03T09:46:05
https://twitter.com/medialab_ScPo/status/857053390563454976,857053390563454976,medialab_ScPo,2017-04-26T02:07:06
https://twitter.com/medialab_ScPo/status/850359930481717248,850359930481717248,medialab_ScPo,2017-04-07T14:49:41
https://twitter.com/medialab_ScPo/status/849959032744026112,849959032744026112,medialab_ScPo,2017-04-06T12:16:39
https://twitter.com/medialab_ScPo/status/800731808153432064,800731808153432064,medialab_ScPo,2016-11-21T16:05:14
https://twitter.com/medialab_ScPo/status/793846700599287808,793846700599287808,medialab_ScPo,2016-11-02T16:06:17
https://twitter.com/medialab_ScPo/status/790223478242807809,790223478242807809,medialab_ScPo,2016-10-23T16:08:53
https://twitter.com/medialab_ScPo/status/781460138322526208,781460138322526208,medialab_ScPo,2016-09-29T11:46:30
https://twitter.com/medialab_ScPo/status/740159450468749312,740159450468749312,medialab_ScPo,2016-06-07T12:32:19
https://twitter.com/medialab_ScPo/status/733357011560235008,733357011560235008,medialab_ScPo,2016-05-19T18:01:51
https://twitter.com/medialab_ScPo/status/725624530446721024,725624530446721024,medialab_ScPo,2016-04-28T09:55:44
https://twitter.com/medialab_ScPo/status/710031579943460865,710031579943460865,medialab_ScPo,2016-03-16T09:14:55
https://twitter.com/medialab_ScPo/status/697028645534179328,697028645534179328,medialab_ScPo,2016-02-09T12:05:53
https://twitter.com/medialab_ScPo/status/696995542153478144,696995542153478144,medialab_ScPo,2016-02-09T09:54:21
https://twitter.com/medialab_ScPo/status/696986976109641728,696986976109641728,medialab_ScPo,2016-02-09T09:20:19
https://twitter.com/medialab_ScPo/status/695276111970836488,695276111970836488,medialab_ScPo,2016-02-04T16:01:57
https://twitter.com/medialab_ScPo/status/693403017559871489,693403017559871489,medialab_ScPo,2016-01-30T11:58:56
https://twitter.com/medialab_ScPo/status/693401892626534400,693401892626534400,medialab_ScPo,2016-01-30T11:54:28
https://twitter.com/medialab_ScPo/status/692661066191495168,692661066191495168,medialab_ScPo,2016-01-28T10:50:41
https://twitter.com/medialab_ScPo/status/689455118102564866,689455118102564866,medialab_ScPo,2016-01-19T14:31:24
https://twitter.com/medialab_ScPo/status/689425773262835712,689425773262835712,medialab_ScPo,2016-01-19T12:34:47
https://twitter.com/medialab_ScPo/status/688101551336865792,688101551336865792,medialab_ScPo,2016-01-15T20:52:48
https://twitter.com/medialab_ScPo/status/687665711255261184,687665711255261184,medialab_ScPo,2016-01-14T16:00:56
https://twitter.com/medialab_ScPo/status/687664259443101697,687664259443101697,medialab_ScPo,2016-01-14T15:55:10
https://twitter.com/medialab_ScPo/status/687589340621455360,687589340621455360,medialab_ScPo,2016-01-14T10:57:28
https://twitter.com/medialab_ScPo/status/687308068581978113,687308068581978113,medialab_ScPo,2016-01-13T16:19:47
https://twitter.com/medialab_ScPo/status/687222539148488704,687222539148488704,medialab_ScPo,2016-01-13T10:39:55
https://twitter.com/medialab_ScPo/status/677482191224483842,677482191224483842,medialab_ScPo,2015-12-17T13:35:16
https://twitter.com/medialab_ScPo/status/670269777571655680,670269777571655680,medialab_ScPo,2015-11-27T15:55:42
https://twitter.com/medialab_ScPo/status/670269335219380224,670269335219380224,medialab_ScPo,2015-11-27T15:53:57
https://twitter.com/medialab_ScPo/status/667721108037222400,667721108037222400,medialab_ScPo,2015-11-20T15:08:12
https://twitter.com/medialab_ScPo/status/648846733410193408,648846733410193408,medialab_ScPo,2015-09-29T13:08:10
https://twitter.com/medialab_ScPo/status/608244581247893504,608244581247893504,medialab_ScPo,2015-06-09T12:09:43
https://twitter.com/medialab_ScPo/status/608244506098581504,608244506098581504,medialab_ScPo,2015-06-09T12:09:25
https://twitter.com/medialab_ScPo/status/606849324824313856,606849324824313856,medialab_ScPo,2015-06-05T15:45:28
https://twitter.com/medialab_ScPo/status/606840129559404546,606840129559404546,medialab_ScPo,2015-06-05T15:08:56
https://twitter.com/medialab_ScPo/status/606838429511467008,606838429511467008,medialab_ScPo,2015-06-05T15:02:10
https://twitter.com/medialab_ScPo/status/606835557709312000,606835557709312000,medialab_ScPo,2015-06-05T14:50:46
https://twitter.com/medialab_ScPo/status/606830696536096768,606830696536096768,medialab_ScPo,2015-06-05T14:31:27
https://twitter.com/medialab_ScPo/status/591539149779431424,591539149779431424,medialab_ScPo,2015-04-24T09:48:18
https://twitter.com/medialab_ScPo/status/563714625104252928,563714625104252928,medialab_ScPo,2015-02-06T15:03:34
https://twitter.com/medialab_ScPo/status/563698420595302400,563698420595302400,medialab_ScPo,2015-02-06T13:59:11
https://twitter.com/medialab_ScPo/status/563341679353401346,563341679353401346,medialab_ScPo,2015-02-05T14:21:37
https://twitter.com/medialab_ScPo/status/562196307163774976,562196307163774976,medialab_ScPo,2015-02-02T10:30:19
https://twitter.com/medialab_ScPo/status/561494239704788992,561494239704788992,medialab_ScPo,2015-01-31T12:00:33
https://twitter.com/medialab_ScPo/status/558640436190142464,558640436190142464,medialab_ScPo,2015-01-23T15:00:33
https://twitter.com/medialab_ScPo/status/558186619728322560,558186619728322560,medialab_ScPo,2015-01-22T08:57:15
https://twitter.com/medialab_ScPo/status/557183147436437504,557183147436437504,medialab_ScPo,2015-01-19T14:29:48
https://twitter.com/medialab_ScPo/status/540528966323666945,540528966323666945,medialab_ScPo,2014-12-04T15:32:02
https://twitter.com/medialab_ScPo/status/534737438519078912,534737438519078912,medialab_ScPo,2014-11-18T15:58:34
https://twitter.com/medialab_ScPo/status/534675087858094080,534675087858094080,medialab_ScPo,2014-11-18T11:50:49
https://twitter.com/medialab_ScPo/status/528236239594717184,528236239594717184,medialab_ScPo,2014-10-31T17:25:08
https://twitter.com/medialab_ScPo/status/525287101194326017,525287101194326017,medialab_ScPo,2014-10-23T14:06:18
https://twitter.com/medialab_ScPo/status/520592274921893889,520592274921893889,medialab_ScPo,2014-10-10T15:10:45
https://twitter.com/medialab_ScPo/status/474912773584195584,474912773584195584,medialab_ScPo,2014-06-06T13:56:43
https://twitter.com/medialab_ScPo/status/471305221294292993,471305221294292993,medialab_ScPo,2014-05-27T15:01:35
https://twitter.com/medialab_ScPo/status/446655877811294208,446655877811294208,medialab_ScPo,2014-03-20T14:33:54
https://twitter.com/medialab_ScPo/status/440487023343071232,440487023343071232,medialab_ScPo,2014-03-03T14:01:04
https://twitter.com/medialab_ScPo/status/408586248048353280,408586248048353280,medialab_ScPo,2013-12-05T13:18:47
https://twitter.com/medialab_ScPo/status/408538609097404416,408538609097404416,medialab_ScPo,2013-12-05T10:09:29
https://twitter.com/medialab_ScPo/status/403841232730087424,403841232730087424,medialab_ScPo,2013-11-22T11:03:47
https://twitter.com/medialab_ScPo/status/400659321287344128,400659321287344128,medialab_ScPo,2013-11-13T16:20:00
https://twitter.com/medialab_ScPo/status/392265073651376129,392265073651376129,medialab_ScPo,2013-10-21T12:24:16
https://twitter.com/medialab_ScPo/status/390820976738697216,390820976738697216,medialab_ScPo,2013-10-17T12:45:56
https://twitter.com/medialab_ScPo/status/383651036532973568,383651036532973568,medialab_ScPo,2013-09-27T17:55:09
https://twitter.com/medialab_ScPo/status/382897984868188160,382897984868188160,medialab_ScPo,2013-09-25T16:02:48
https://twitter.com/medialab_ScPo/status/380270022595448833,380270022595448833,medialab_ScPo,2013-09-18T10:00:13
